,text,label,confidence
655,"The original is just awful, and I mean this is the worst movie ever filmed. It could be better, but this movie really just drags on. It seems like the director is making some silly movies and only real movies that don't involve any sort of drama. There is no suspense in the film that makes it even worth watching. It has a horrible, repetitive sound soundtrack soundtrack. This movie was filmed over several days, which could be used for some entertaining TV, but I personally found the soundtrack boring, boring, and nothing more than a mediocre film. It felt like a sitcom. I was bored. I liked the movie that was only made for me, but I really enjoyed it. There was a great soundtrack soundtrack soundtrack that was kept up to speed, and there was a good reason to watch: I liked watching the movies. I liked the movie that wasn't funny; it didn't involve any drama. Instead the characters were boring. I like that the movie didn't involve the funny parts of the plot. I liked the plot but did not involve the funny parts of the plot. This was not even remotely funny.I liked the characters but it didn't involve the funny parts of the plot. I didn't
",neg,0.99993694
790,"I don't know if I could care less about how good the film looks. It may be that the film is just plain awful but I am sure it is just so poorly executed.I am also surprised that it is still so well made in terms of editing, but then it degenerates into clichéd clichés like ""dead child"".It is not good enough to write a review like this. There is nothing funny or engaging in this film that is supposed to make up for a baddie. It does not involve talking about what you think it is. It just sets up the film. It is only entertaining if you analyze the film and think it is somehow engaging enough to be engaging enough to make the point. I would like to give a ""win"" in relation to it. I think I can sum up the film well, if only I were in it and tried to compare it to any film I had seen.I liked it but I didn't give it a grade, just a ten. I don't think it should be edited. It contains humor. It is so lame. I give it a five. If you are looking for the humor to keep it off-beat. I don't know how many of
",neg,0.9999287
585,"I'm not sure why this movie is so bad. Its just plain awful. It is horrible with the gore and gore. If you look at the poster you'll find yourself drawn out of the movie thinking it is just another movie in the same category, you can't help but it is in fact a movie in a whole. I mean it. I like that it is not only because the actors play a total ""kills"" and the filmmakers are mediocre at best. What can you say? Well, if you want to give a film to everyone, then you should probably give it to me. But I've gotta give it a shot. I can't wait until the final product is out in the movie, I want nothing more than to be cursed and destroyed by the evil forces of nature. If you like the good old days, you could watch this movie and I'll be happy to give it a shot if you like it. What is so illogical? I've seen only two of the movie's rated poorly rated and I don't know if it is worth the price of admission, or whether it is worth the point. So, I have to give it a shot. If you like it, go to the
",neg,0.99992573
878,"This movie was supposed to be funny and fun but ended up not being that good, I have a hard time seeing it and it is really just plain awful. I don't care what you think. It is all about the characters (and their love) that are so bizarre and the humor is pathetic. The whole thing is really just awful and just throws a bunch of garbage on it. I mean, you could call it one of the worst movies ever. I think this is a remake of the worst thing ever.I don't know what to say about this movie: it has the most entertaining, and perhaps most annoying music soundtrack in any movie ever.It just seems to me that I have missed out the last 20 years. I have never watched a television series, but I just watched this one. I know it is just dumb. I think there is no point where you could argue the whole thing is a disaster because I don't even know what the subtitle is to it. The whole thing is nothing more than a razzie d'or. The only redeeming qualities are that you are not funny (I mean, you could say the whole ""comedy and comic"" thing is because the jokes are so direct
",neg,0.99992406
860,"I rated this film a 3 out of 10, which I rate it highly. I can't say it was poorly made or poorly executed, but it was certainly worth a shot. But what I have seen is nothing like the original film, just a mediocre film with a weak plot. It should be considered either a must-see or a must-see. It is a film that is poorly made, not even close to being a movie itself. It is neither suspenseful nor engaging in any way. The story is boring and clichéd but it is also extremely difficult to watch. The humor is just flat-out. Its message is ""that is all about you. That is all about you, everyone involved in the film, everything that you need to believe. It's relentlessly unfunny. (This is an obvious homage to the 50's. And the reason is that it has the '60s appeal: humor, humor, and passion, but it is also a sad clichéd, cynical, self-serving clichéd and ill-fated ideology.) It would not be so hard to write an entire review of this film, let alone a review of this film.The film is one of the greatest achievements of all
",neg,0.99990666
560,"I think you would give it a shot, but unfortunately I think you can't find it on Amazon. Amazon is definitely not worth a shot. It's a pity it has so many negative reviews on this film. Many of these reviews have me sitting on my head and just thinking about what to watch. Other reviewers have nothing to say about it. I won't even try to give a negative score on this. It's just a cliché. It's a movie. And so lame. There is no way to watch this movie. What really needs to be filmed is in three distinct different levels. It's a shame, because it's the only film I've ever watched and it doesn't even reflect any of the film. I like the film because I think it's good and the cinematography is superb. I rate it 4 out
",neg,0.9999052
874,"Even though the movie is only a short-lived, I have seen it before and I still don't get the message that it was so bad. It's just a lousy movie. I've seen it in two different movies in my life and it's only one movie I've ever watched. I don't know if I disliked it but I do know that I don't know if I would like it. Maybe, I just thought it was interesting that this movie was not scary enough to be rated a 5 or 6 (but it only added to the already bad overall score.) But overall I found the story rather stale and clichéd. My favorite part of this movie was the ending with all the actors dead, so what the movie was trying to do was just plain pointless. This movie is just mindless, garbage, and generally just mindless. I can't help thinking it was probably edited out of context, but I don't think it was a waste of time to waste it.
",neg,0.99990225
961,"As we all know, a film by Akira Kurosawa that's supposed to be filmed in the 'kodokoo' is not really worth the hype. It just blows away at the pace of the film. I won't give the movie the ""Masterpiece"" for its own merit. It's just plain awful to watch. Not for the reason you should know it. It only showcases the weakest points. (I don't give the DVD any special treatment as the film is too obvious and poorly treated. I don't give the DVD special treatment like I've done in the past. It's just generic crap, I have nothing for it, I'm just going to stick to it for now (it is) if not worth the price. It is worth nothing. And now Akira Kurosawa is trying to make it better, I rate it below grade.
",neg,0.9999007
178,"I saw this movie last night, where it has already become quite obvious that you could have guessed it was based on a superficial resemblance to the characters who played the roles in the movie, even if you didn't make it yourself. I thought it looked like a comedy on the screen at the time and not worth it. Then the movie got worse and worse. Not laughing at all. I would rate this one a high school comedy, even though I never watched it. The humor is overblown and clichéd in some way. It could be funny in some way. I don't think you need to laugh about the film because it's so poorly executed. It doesn't even do any good. It just makes a shallow, pretentious movie about nothing more than a superficial film about a weak plot that only adds to the rest of the movie. The humor is pathetic in some way, but at the end it's just a shallow, pretentious, pretentious movie. It doesn't even do any good. It just makes the plot of this film that's supposed to be a joke, but it somehow gets worse, even though it's just a mediocre film. I can't stand up and say it's only a mediocre movie
",neg,0.9998996
299,"I would call this the worst film ever. I have to say it really failed. In a typical Hollywood blockbuster, a studio effort that is a total waste of money and no one deserves a second viewing. If I were in the audience, I would risk going to waste the time of listening to the movie and waiting to see the second. I have to say it's a waste of money. It really only takes a few minutes to get into the story and the story is a mess. It's just dull. I think if you like it then this is what you are going to get.This film is good, the dialog is good, the script is well written, but the only thing it could be good is the film itself. It is only a mediocre movie and it's all about the money that is kept around. It only takes a few minutes of watching the movie if you're going to waste it all. If you like this, then I recommend this to you. If you don't like this, then I recommend this to you. This is a mediocre film, a vapid thriller thriller and it has a decent story, but it also had a couple of flaws. I didn't care for it. I saw
",neg,0.9998989
757,"I have to say the film is very disappointing. This is an utterly pointless movie that has no progression beyond the basic plot line. This is a pointless movie that never ends in your brain. This is just mindless garbage that doesn't even exist. I mean, even more than just watching a movie with a pointless waste of my time. I mean, I was so bored at the movies I was sitting down on in my isolated path, watching the movies I didn't like. The plot line, nothing logical, only highlights the emptiness of the emptiness of my life. I am so angry about the fact that I was able to watch the preview of the film on Amazon like this....I am going to vomit at the thought of it, and I must admit it was a miserable existence. I really enjoyed it, and so many of the things that it touches on are very enjoyable. I have to admit that I was bored for some time.I like the movie, it's good acting, it's not even good. I really like the story, but it is poorly acted, and it just plain stupid. This is an utterly pointless film that never ends in your brain. I really like it because it feels like it was never meant
",neg,0.99989736
181,"I was fortunate enough to receive this film in the hopes that it would be a good film. But then the plot goes wrong and all is good. I think I missed out something. I think I watched too much. Other reviews like this are all over the place. But, as clichéd as it is, the film just doesn't matter. It is just awful. I really liked this movie, but the plot itself just doesn't matter. I think the characters are poorly executed and I could not care less about the plot. I like all the plot twists, but only a couple of things that I like are actually going to be bad. One thing that could have been fine would have ended up with me thinking that the storyline was just a pointless waste of time and nothing. The story itself isn't about plot and the dialogues are pretty generic fare. It is about a guy who thinks that he has stolen a woman and he blames the poor woman. I saw the film, but it was rather boring.Overall, it only got worse after I watched the whole thing. I liked the movie, but it's not all that great and you get the point. What was wrong with the plot? I liked the main characters
",neg,0.99989617
917,"Oscar Degrassi was the driving force behind the 1992 Italian film ""Le Dernier d'Oscar'' which captivates a reader with a gripping gripping story. His photography effortlessly jumps to a point where it all seems to be shot perfectly. Degrassi was phenomenal, and I was mesmerizing all the way. My favorites were the ""Le Dernier d'Oscar'' (1946), ""Girod'' (1946), ""Le Dernier'' (1946), ""Le Dernier d'Oscar'' (1946) and ""Le Dernier'' (1946) and ""Le Dernier d'Oscar'' (1946), ""Le Dernier d'Oscar'' (1946). And I would rate it highly overrated against ""Le Dernier d'Oscar'' (1946)"" and ""Le D
",pos,0.9998952
152,"I thought that this film would have seemed a bit too big to be properly directed. It would have seemed to have a bit too big, too quick, and too easy to execute. I think I could have been wrong if I thought that this film was not even in the top 10. It is just overrated on IMDb, and I am certainly not even worth mentioning. It may have been better to watch the movies, but it is so overrated. I mean it is not worth a sequel. It just gets worse. It never gets better. It is just a pointless waste of time to do nothing, and you know what they have to say. They are stupid, stupid people who think the universe is just another movie with no plot. They are literally everywhere and they have no reason whatsoever to be. It is a pointless waste of time, a pointless waste of time to do nothing, and to be objective.It may be a good movie, but not one that could garner a lot of support. They are just mindless garbage, but nothing logical or logical in the entire thing. They have no explanation whatsoever. I am absolutely staggered by the indifference to their own self-serving ideology, they are so devoid of any
",neg,0.9998934
479,"I saw this movie awhile back and in no particular place. I wasn't expecting it to be funny and didn't think it deserved more acclaim than it did. Then again, this movie is not worth a dime because it somehow somehow manages to make you laugh like the tired old 50's cliché ridden gags at the beginning. I don't care for my personal life in the movies but I really do not care for it. I don't care for the film. It has to do with all the silly things that I do and do nothing else. This movie is not worth a dime if it wasn't funny. The funny parts of the story are mostly funny, but the characters are really good and I don't care for them. I'm not sure what is happening to those in this movie. I just got bored, I don't think I'm gonna give it up. I'm trying to make it look bad and if you ever read my review you will regret me.
",neg,0.9998909
966,"Let me give you a quick quick summary of the movie. I saw it in the trailer trailer, but you probably missed it if you haven't read this review. It contains a lot of inaccuracies, inaccuracies, and a lot of poorly executed plot. It may just be a mistake or not. But it's nothing. The original concept was to explore the film with just one or two characters. The plot was rather inept and the characters just couldn't hold their own in their own.The original ended up having to rely on a few characters to control the film. That said, it was all they could hope for. There was never enough plot or character development. It felt like a fantasy, you get what is going to happen to you, it never looked realistic. There are no magic or magic that exists in the film; instead the characters are randomly picked and randomly tossed into various plot lines. The movie feels like it has just been told to a group of people in a fantasy world, who believe it to be real. This is not the ending it should have looked like.The original concept was for this movie, as it was not realistic. This is NOT what this movie is trying to achieve. This is NOT
",neg,0.9998909
976,"It doesn't settle with me that I have to deal with a lousy movie, I think it just throws me away. I won't get into spoilerifics here and I just get sucked. I mean, you are so out of touch with this, and all that, you know, all that stuff. I will admit it is a little, but it really, you are. What you want to see is nothing but what you are supposed. I watched a film called ""The Last Huntress"", it had a lot of plot-holes in the plot. The film was just so poorly executed that it was poorly executed. The plot itself was not convincing. And so much the film failed, so much of the problem with this was that the film was poorly executed, and it only drew so many votes for the plot itself.The plot was poorly executed in every way. It is just so poorly executed, so it didn't even remotely reflect the intelligence of the filmmakers. I'm not even going to waste a few words on this. This is a film that could easily have ended up in a movie, but I must admit that it is not even the most entertaining part. This is a film that is poorly executed. I
",neg,0.999887
63,"I didn't know about this film, but I guess it really wasn't too bad. My review is below. The film is a must see. Don't get me wrong. I rate this film out of 10 because it doesn't give you any comfort or any reason whatsoever. I rate it out of 10 because I feel like I'm trying to give this little kid an extra dollar for admission, because he is so illogical. It takes away from the actual film and gives you more sense. I rate this film out of 10 because I feel like it's really a low budget movie, but I'm sure I have to give it 10.Overall the film is enjoyable, especially when it is directed by one guy who doesn't give it much more than a 3/10. This is what I saw, not the movie. This is what I saw, not the movie. I'm not sure if I missed the opening credits or if I did. It's the movie that will haunt me for the rest
",neg,0.99987936
888,"I saw this movie last night and I thought it was wonderful but not much of anything more. I saw it just so bad and so sad, it reminded me of a movie that had to be filmed by somebody else. It had to be edited out, just like that. I saw this movie last night, and I just remembered how awful. It was like a sequel to a previous film. It has a bad rap song, and a stupid cliché ridden clichéd story. The movie doesn't need to be repeated or defined, but it does. It does nothing but give you an opportunity to make yourself look bad. I saw a great movie and it had to be that the characters were too bad to even even exist. I mean the plot of the movie was not very complex but it took a lot of time to make it, and I really liked the script. I was very pleased to see the movie. I think it was an elegant and beautiful film, and a good direction, but I just couldn't compare it to this movie. The plot was interesting and interesting, the acting didn't involve violence, and the dialogs were good. The whole movie was funny. I really liked it. I really liked it and I
",neg,0.9998789
255,"I like to say it's all about the movies I'm going to see, but mostly they're about movies that are just really bad. What happened to them? The worst offense is a lousy piece of crap. I love every bit of this, but I don't know if I'm going to watch a whole movie, I really only like this movie. The only redeeming qualities are the ones that I like about the most. I love the movie, and the fact that it is an enjoyable movie. It's not so bad that I don't enjoy it. It's not even worth watching it. The storyline is excellent, but it's only because I don't think it fits into any of the movie themes of the show. It's all about the movie that the show is so good and it has a good acting and dialogue. The storyline is fine, the dialogue is very nice, and the characters are good. But it never really does. I don't really like the show and the characters are just generic plot device. I like the dialog, but the characters do have one
",neg,0.9998789
97,"I don't know how many people in my personal life have talked about this, so it shouldn't be much of a spoiler to watchers. It only really adds to the suspense when somebody really blows up. Not that this movie is just about a hooker or a hooker, though. It has the potential to be a great comedic film. I just couldn't think of a film that would garner so much attention. It could be about anything entertaining and was poorly performed.Overall, it had some fun moments, but the overall overall overall score is dismal.Overall the film was a lousy overall grade, and I think there are a lot of good reason to this film not being rated. What the film is supposed is to be fun and entertaining and maybe even entertaining for the audience. This film is what it would like to be seen, and the film may have some flaws. I have a couple of ideas about how to make a comedy film but I think this is just not the film it is. I would like to be the director of a comedy production that supports the idea that is in my head. It is very tedious and I would like to think it will only be worth watching this again. It is very funny,
",neg,0.99987876
530,"film, 'Songs From the Grudge Moby Dick' is one of the few films I've ever watched. The film is a mix of old school films about what a group of teenagers might look like, and new school films like 'Diva Las Vegas' featuring the best performance of the film. It was not too long before the film came out as a must-see at SXSW, where it attracted over 90 people to see it. The highlight of the festival was how young people were able to take part in a social scene that would otherwise have ended in a seedy nightclub. The film was directed by a
",pos,0.9998785
566,"I rented the movie last night, and I saw a LOT of people watching. I think it was the worst movie I've ever seen. I mean I rented it as a movie and then watched it all over the movie. I liked that. I guess it was good enough.I also didn't watch this film again until after it. If you have to deal with the pain of a bad film like the ""Cupid"" I have to give it a second try. I also have to say that this film is just lame. I honestly don't know how I got the DVD/s. It is poorly edited, just like ""Murder,"" and just does not give you any decent credit where it points. I guess the reviewer who said it was just reading a bad film and not caring, and then I think it would be best if this film was edited. It is basically a film with a very short half-way between episodes, so only then it gets boring and boring. Then there is the real kicker. You have to listen carefully and consider what you are reading. This is all very well-told, very real and well-produced. There is nothing better than watching a mediocre movie, and it does not
",neg,0.9998784
885,"I thought I had the best chance to see this movie. I mean, it would have been a great movie if you have seen it in your living room or on some kind of movie theater. I was just kidding. I am a very bad actor. I am not a celebrity. I have no friends. The movie takes a horrible and depressing journey through a whole bunch of characters, not even a hair-thin thin. I love Jackie Chan and I hate Jackie Chan. Chan is pretty funny and charming in every way. Chan was the worst actor I have ever seen. The cast was mostly funny but the acting was very over-the-top. The problem with this movie is that I don't get the point where Chan does anything but what it does is very funny. Chan has a funny twist on the heart that makes you believe Chan is real, because he is not a sell-out. Chan is a real person. Chan looks like he is really just the stereotype. He has a nice face, but I'm not going to give him a dime because he is not funny. It's not funny. It is only for people who know Jackie Chan but not like him. I don't like Jackie Chan because he doesn
",neg,0.999877
777,"In the original ""movie"" we had this very curious poster advertising a couple months ago which didn't even remotely reflect the original movie. They said: ""I love this movie. I don't like it. It's funny to say it's not because of the funny parts, but of course they had to say it's because of the horrible plot.The movie is a horrible movie, just mindless, boring crap. The worst part is the storyline and the main character is a total idiot who is relentlessly unfunny and manipulative. I personally think you could safely bet my life on the comedy subplot of ""F"" starring Robert Brooks. He has absolutely NO idea what his characters will be doing when he is out of trouble and has just failed to make a joke or anything.I'm sure this is just one of the worst movies I have ever seen.The movie is a total idiot, pretentious and half-hearted attempt to laugh at us. It's basically a soulless garbage fest, only being watched by a quarter-way through by idiots. It's also pathetic, and the whole thing is mostly about bashing the poor and the rich. It is a shame that some people have to go to a ""real""
",neg,0.9998745
387,"As for the movie that opens up, it's worth watching. If you haven't watched it before, you'll be disappointed with this movie.This movie takes a few minutes to get to a decent movie that looks good, feels good, and is a good movie. This is just a bad rip-off of another big film which offers nothing interesting or original or unique. I'm not sure what is going on here but it feels like the ending was rather disappointing. I think the only reason this movie could be made is that it didn't have good editing. It looks like he wrote a bad screenplay with his back to the print. I don't know how to describe it better than that. The original ""I saw a girl named Jennifer"", and I think the girl would have grown up. But instead, the movie was poorly written and it got worse.This movie was not even close to what it should be.This movie gets worse and worse as the trailer for the DVD set grows. The script by Dennis James is good enough to write the whole thing (I know I'm only bitter but I'm still bitter in my own self-respecting bitter-patriotic right.) But the ending is basically the same thing
",neg,0.9998696
495,"It seemed like there were too many different movies. I thought I would have to write a review for now but now that I have to choose between these three movies is a pointless waste of time. The only reason I rated this movie 4 out of 10 is because the reviewer gave it away for free, as she did so poorly in her previous review.This movie just failed. It should have been called ""Frownland"" but not ""movie. I had to give this away, it has nothing to do with violence, and nothing to do with any other kind of violence. It is a pointless waste of time to review this movie. This is not a movie about ""The 13th Warrior"". This is about a whole lot of movies, and lots of them are in baddies/military/special forces/special forces/special forces/military/comedy/political/military/documentary/military/military/comedy/military/comedy/political/special forces/comedy/military/comedy/comedy/special forces/military/political/comedy I would like to review this movie about the 13th Warrior, which is not even close to being a sequel. The original is about a bunch
",neg,0.9998667
137,"A-movie that exploits the power of the Amazonian civil war against a Chinese woman dominated by her abusive husband. One of the greatest films of all time was directed by Ernest Marishka, a man who trained at Kung Fu in the US before becoming a US fighter pilot. The director has a wonderful career as a lawyer who has worked for his family and he once worked for a big corporate lawyer called Marc Ecko. He has since then
",pos,0.99986315
346,"Odyssss: My Name is Gossimo Girotti (1939), who recently took command of the Firotti brothers and played for the United States in the 1970s. His love of sports is revealed in a colorful story of friendship, loyalty and loyalty that culminates in a confrontation at a time when both men were defeated and then defeated by organized crime, which is often overshadowed by women who are more physically active than their sex. It is a colorful story, with personalities, characters, romance, loyalty, and loyalty to one another. While this movie may seem a little over-the-top, I found myself sitting on the edge of the issue. I just kept my eye on the prize, as it's still enjoyable. It just feels right and I can't wait to see what Girotti does next. This is the film I saw today. The story has ended with a rather funny twist to the story of the day, and you'd think I missed something in the film. It would have ended up in some hilarious twists and turns but the film didn't do any of those. In a weird twist of events that didn't even take place in the original. Instead, the movie was about
",pos,0.9998621
150,"I'm not sure this is a low-brow movie. The plot, in fact, is quite funny. It does not involve any of the silly little details that you would expect, except to mention that it takes a lot of shots to kill you. But in all this, it is nothing more than a pointless waste of time. It's just another tedious borefest in which we all must wait to find some sort of a decent movie to watch out for my poor grade school years. The trailer for this movie is a forgettable film. I'm not sure I enjoyed it so much. There is not a great deal of suspense here. The only suspense I saw in this movie was a horrible film by a group of people who tried to scare me (the evil demon). I'm glad they didn it because they didn nothing wrong. This is a pointless movie which you should avoid watching at all. It never has suspense but it has the message. It doesn't contain the suspense that you would expect to see. I've watched this movie since the first film was released. It never felt like it had a good ending, only the characters and events that kept it going. The story was so bizarre and it was almost like a
",neg,0.9998599
598,"Let's face it: This movie is pretty scary to watch but I know I'd love to see it released in the future. The first film I watched was only five minutes long but then the ending shot was a half hour and I think this was a great idea. I was sitting there watching a lot of movies (mostly, mostly, ""The Color Purple and the Yellow"" genres. This was not even an attempt at making a film. This film was just another ridiculous cliché ridden crap film which is mostly just out of nowhere in the film's vicinity.The Color Purple and the Yellow Rose, as well as the characters in the movie, all seem to be pointing the other direction and not pointing the direction. That said, the movie could have been made much better if not just for the people who didn't exist in it. I am not going to say the people who did nothing wrong, but there are still a lot of people who think the Color Purple is a joke, a dime, or a quarter of a dozen in every movie. What they actually is, is a film of high-end film made from film cut. I have to say it is really scary.The Color Purple and the Yellow Rose, as well
",neg,0.9998456
385,"If you haven't already figured out that the movie is supposed to be a comedy, this would not be it. In fact, it's so bad, it's funny that you don't know if you're inversed or out-tracked by another movie, you can't really enjoy it. It's only enjoyable if you enjoy a good film, especially if you're a good filmmaker. But if you're trying to find yourself, this isn't really good and you're not really good enough. It's just like watching a movie that contains no funny parts that could be funny. I just watched an opera with a wonderful soundtrack soundtrack. I mean this wasn't really funny when the film was about a guy playing the bar, not having to do anything funny with his music. But this is good enough to watch on DVD. I am ashamed to say that this movie is about 30 minutes old. (Spoiler alert: Don't watch it. It's funny.)
",neg,0.9998441
365,"It's obvious that there are some fairly obscure and poorly treated ""heroine"" films out there, but if you're reading this right now it's going to be the most obvious. But in recent times, I've actually worked on the movie and I've already told you what the movie was about. I'll give you a summary for you, if you're interested. The storyline was basically like a story in which someone tells you a bad guy he doesn't like to spend a dime. It was not like watching a movie, and you would get angry if you didn't give it away. The storyline wasn't interesting, because it was basically the narrative that followed: you wanted to kill someone (and he was dead), you wanted to destroy their lives (and he was only 25 years old). The storyline is not interesting, because the people you want to kill are merely prolonging their deaths, and you want to destroy them because you have no desire to waste their precious life. The movie was just a weak, bland and boring clichéd clichéd piece of crap. This is all fine, but there wasn't enough to go on. This is the main character, played by a mediocre young woman who just so happens to
",neg,0.9998429
558,"What you expected would be in your box of 30,000-19r-old comics was not quite as good as the movie itself. I think it was probably a sell-out for the first 30 minutes. But the movie was poorly executed, and the storyline was poorly executed throughout and it seemed to have a lot of twists and turns in it. I don't know if it was just a joke, but I doubt it was all that worked out. There was no way to tell the story better than I could have responded to a question. I didn't know if there was any way to answer it well or well. And then I just tuned it to ""I liked the movie. It sounded like it was written in a novel (very, very few words, not a whole lot of them).I liked the dialogs but I had no idea what it was really about. There wasn't really enough dialogue that I could have been discussing it with the rest of the book. I really liked it to the point where it could make a decent point about the plot, but the whole movie was poorly executed. It was a lousy movie by the writers, a simplistic plot that didn't really do any real justice to its characters
",neg,0.9998398
779,"I would say this is not good enough. I just want to give it up and hope that this has ended poorly for me and the rest of the movie. I am not a lawyer or lawyer but I do have a doctorate, so the film is not good either. I am just trying to give this up and hope that this is going to be another great waste of time. What will be the movie? I will let it go, but I will not pay rent to it. The movie is a total mess. I know I've seen porn on many of my movies, but nothing more than that. I have watched porn on DVD, so this movie is not even close to the original, which was the real movie that many of them were supposed to be. I have seen porn from many different channels: I have watched porn from various TV channels, movies. The whole thing is garbage and they all involve commercials. What do you think? I am trying to give up something promising and educational, but nothing beats me up. I know that many of the movies are really good, but I just wish I could get worse. This is pathetic. It is so devoid of any real talent or any actual skill that you would
",neg,0.9998394
93,"I would never call it a revolutionary film. It is a shame to say that some of our critics haven't really read it then, but I certainly don't want to re-told this about it. Some reviewers were quite good, but a great deal of the film was simply awful, especially the editing that I saw. I liked the dialogs and characters but overall the film was poorly executed, only managing to convey a decent amount of dialogue and a mediocre overall score. Unfortunately it didn't do much to make it worth watching and I had no idea what to write about.Overall it didn't do much to enlighten my view.The dialogs were poorly executed, the dialogue was flat and the characters were just flat-out. Not a satisfying movie to watch if you haven't watched the movie already. Other than the dialogue, I felt that the story was poorly executed and didn't do much to enlighten. Overall it was lackluster, with very few plot twists or plot twists.Overall, I think I enjoyed the whole film and could've been more engaging. I think the plot is interesting, especially the dialogs and the character.Overall, I think this is a very good movie but not the only reason this film
",neg,0.999838
24,"The Wayans are in a seedy nightclub and a hooker bar called ""The Mighty Wurlitzer."" There is a great deal going on in this movie, which I will never forget. The film is a gem in my memory and a must see for its own troubles. The bartender is extremely funny and I am not even close to the bar. The bartender takes everything a good lover does. The bartender is wonderful. Very nice. He touches on all things and beats you over the head. He touches on all the characters in this movie. I love this movie, but I must admit I found it funny. I like most of the characters and the only problem with this film was in fact, it was not very good at all. I saw the first two episodes on the DVD. It was funny, I liked the plot, the dialog, and the characters. It wasn't very good, I liked the storyline, and I liked the direction and all that it brought. The whole thing is not funny and I am amazed that it was all that good. I liked the plot, but I also found it in fact, when it was not funny, it felt like a joke. It had its moments where the writers felt
",pos,0.9998332
59,"I rented this movie because I had a chance to do a movie on DVD and I thought it was good. It was a very nice movie to be watched but not to be missed. It is definitely worth watching, especially if you're a fan of Kickboxing. It is a kickboxing game. I had a bit of a bit of a problem with Kickboxing. The film was mediocre. I like Kickboxing because I saw that it gave me the kick of the first point in my life. I think I missed out. The DVD didn't help much either, as I have to cut out half of the movie's plot. If you have some friends, make sure they're up to speed. I liked Kickboxing but was still waiting for it to drop. It has all the right-for-TV features. It is a kickboxing film, with lots of great character parts. I won't miss out on the character parts, but the storyline is excellent and the humor is well-written. I also enjoyed the DVD.Overall score: 8. It was a great movie and I could care less about the storyline. It was also funny. I liked Kickboxing. I mean, I kinda like watching it. I
",neg,0.9998319
86,"When I was reading this, I thought of watching a movie, which is really nothing to write home about. That is a waste of time. But then, you realize that this movie has nothing in it. It has a bad acting, and lacks the basic rules and the basic structure to be entertaining, well-written, and entertaining. The movie is poorly written, well-written, and lacks the basic rules and the humor that is necessary to make this movie. I honestly can't even remember the words that I spoke. I felt like a kid who grew up learning a new language and learning the basic things that he was learning about. It felt like a new language, and a new idea that only drew my attention. I was never really interested in acting but I found the plot to be interesting.The movie is mediocre. I enjoyed it, and I think it was only a superficial resemblance, but I found it interesting. It's funny that this movie is mostly based on a joke and a weak plot. I think that is the main reason why it was so poorly written and poorly executed. I mean, I'm a lawyer who loves my work but I think that's the main reason it's poorly written and poorly executed
",neg,0.9998266
816,"In Living Color: A natural one-day cycle of red and blue. From a print run by Pulitzer Prize-winning journalist Alan Foster (well known as the ""Best American Girl"" and to a print run by Pulitzer Prize-winning journalist Alan Foster, it was an achievement in the eyes of many women. In 1988, when she was just
",pos,0.9998254
788,"I thought that was only a mediocre film with a mediocre soundtrack that was never quite good enough for us. I had never really enjoyed this movie when I saw it. I watched it because I wanted something to do with it, and then it became obvious that it wasn't going to be well. I thought it was just a weak film with poor direction. The storyline wasn't good enough to write about. The movie was somehow slow building on and the whole thing was just not working out perfectly. It was boring, the dialogs were short, and it had very little to do with any actual plot or plot. I was only interested in seeing how things worked out and how they worked out. It didn't do anything to help me.Story was rather lackluster. I was not able to give the impression that this was a good film, and the film was poorly executed and I didn't give the impression that it would be a great movie. I liked the premise of the plot and the characters that were interesting and interesting, but this film was just flat-out wrong. The story was somehow lacking in some interesting and rather odd characters. It was not really engaging. I didn't give any point on this but then I read some
",neg,0.9998253
768,"I thought this was the best film ever made. I didn't think it could be any better than it would have ended up with a weak and poorly executed plot. This movie was so poorly executed that I rarely even saw it. The movie was not even good enough to convince me that it deserved more acclaim. I think I didn't believe this movie could be a grade schooler's college or even a professional musician. What really went wrong was the way the storyline was being told. The narrative, with no plot or plot-telling, was entirely devoid of any direction. It was all about the execution.The storyline was poorly executed, poorly executed, and the ending just was a mess with only one single issue. The screenplay was never in fact, never really thinking it was about the actual outcome. But, when the filmmakers finally came around with a fresh and totally unwatchable concept, I found myself looking absolutely stupid, unable to make up my own mind. I think we all have to deal with this movie, and maybe we all are too. I honestly feel like the storyline was overplaying its own characters, but the execution of the plot itself never seemed like that. I'm glad the filmmakers had enough plot to pull
",neg,0.99982065
658,"I saw this film awhile back when it first came out, I don't know if I've ever seen it. It's a good film. It may not be original but it's still a fun film. It's a film that I am glad to see in the movies again. But it's nothing more than a cliché. It's just not worth a watch. (For a movie like this, I think you can easily track your own happiness. I mean it's nothing but a pointless cliché, nothing more than an insult to the fans.I feel sorrow for all the characters in the film, characters, and music they played through. I think it's worth watching a good movie to appreciate it. It may not be original but it's still a good film. I think it's worth watching if you have no desire to be good.If you want to know something, it is a must-have film. I think this film is a must-have. It may not be original but is still a good film. There is some minor flourishes on the original. I think that it's worth watching if you want to see the new, more serious, and more serious, and less-so-failing-
",neg,0.99981755
845,"The story begins with the writer/director, William Gibson, the enigmatic filmmaker and his wife Wendy, playing as a hologram of the woman who has sex with her boyfriend. Together with the beautiful Diane Lane, Danny Dyer, Lana Turner, and Danny Lloyd are a swell bunch of actors and special effects, featuring Taylor Elliot, Samara, Samara, etc., and a cast of Diane Lane, Jennifer Aniston, Diane Lane, Patricia Clarkson, etc., as well as a cast of the cast of Mark Taylor and Diane Lane. This movie is a real time capsule of the times, and is a dream I have had when I was a teen. It has all the elements of an ""60's film"" that had never been seen before, but then turns into ""modern day"" when it's revealed that the actors, who work in different ages, are as good as ever. It is a magnificent story. From beginning to end it may seem as if this film were an achievement, but the characters work in different ages. I have to admit that the characters are all over the place. I do have to admit that I missed some parts. There is a reason why Taylor wrote this film, and why I was so
",pos,0.99981135
750,"I didn't know what to make of this movie. The film was really mediocre, but it was all very good. I didn't like it. I didn't like it. I liked it because the main reason why I saw this movie was a horrible movie was that it was about 90 minutes long. The movie was about 25 minutes of the film's worth. It was not scary enough to watch or to think the characters were well rounded. I really wanted the plot of the movie to be something good but nothing more. The movie just failed to advance. It was just a shame that the movie was so poorly written that it was only edited out. It wasn't funny, and I don't think there was anything wrong with it. I've watched this movie and I know this movie is not just mindless, but it's not only enjoyable, it's full of good ideas and good humor. The main plot of the movie was so poorly written that it would make any reader unappreciative.The movie had good ideas, good ideas, funny lines, and it was so poorly executed that it was only enjoyable, even if not the most entertaining part of the film. I enjoyed it for the reasons mentioned, but nothing about
",neg,0.9998092
690,"I thought that it would have been better if it had been directed by a studio, but sadly it is a far-too-mighty, stupid, half-way-way-trip thriller with a very complex story. This is a shame. My apologies for the horrible plot.I really enjoyed it, though it has nothing redeeming and nothing substantive happening to it whatsoever (maybe even a small detail in the film's direction.) Plot is a mess. I think it would have been better if the film was directed by a writer who was more creative, instead of a tedious bunch of clichés that somehow seem to be so devoid of any spark or reason whatsoever (the only reason we have the ""corky"" stinkers is the stinkers). I also think it would have been better if it had been directed by a writer who was more serious about the plot (it would have been a pointless waste of space in which to write a pointless ""h"" (which is just an exercise in pure-hearted-love-crafting-the-word-crafting-crafting-crafting-crafting-the-word-crafting-crafting-crafting-crafting-crafting-crafting
",neg,0.99980825
990,"I saw this movie before I saw it. But then I saw the preview and just couldn't believe it. I had to wait for hours until it was over and just got the preview card.I thought it was very good but then I saw it poorly. The only redeeming qualities are two: (1) the original film was mediocre (8/10) and (2) the movie was a lousy movie. I didn't care about the outcome (because I didn't care about what the movie was or how it came from.)I've been waiting for this movie because I thought it could've been edited. It was edited out on purpose and then just awful. It was totally pointless. I know it was written for this film, and it has no redeeming qualities (if you believe it. That's a pity). I've seen it before (I've watched the movie) and I think it could've been edited out with just a couple more edits.I like that this movie was so original and so original. It's like an American film with the wonderful soundtrack of John Garfield and Mary Woronov. But it was written by people who really understood it and who was not in the movie theater. This isn
",neg,0.9998062
773,"I rented a movie last night and got a little windfall of it. I rented a DVD player. The only problem with this DVD player is that I didn't know what it was. I guess that was the only problem I had. The DVD player was not in the store. What I saw was nothing but a mediocre movie. I saw no sign of the original, only the superficial resemblance of a disc containing only 90 minutes. I had no idea what was happening. I was left wondering how much better it was than the original.I really liked the movie. The main problem was that the storyline was flat, and the characters were bland. I liked all the characters. I liked all the plot points, not just the plot. I liked the plot points that the plot was flat, not the plot itself. It was just the plot itself. It was just the plot that was supposed to be told. I enjoyed it. I liked every episode but I had nothing in it that I really enjoyed. I liked that storyline, not plot. I liked it that the plot was flat, but it reminded me of the ""heroine"" plot of the movie. The movie was a great movie, and I liked that. It
",neg,0.9998047
274,"I thought this would be one of the best anime I've ever viewed. It is a very anime with lots of action, gore, violence. There is nothing more than good comedy about it. It was the first anime in my collection, but I rarely saw it, which is a bad thing. My favorites were the hilarity of the characters (which I had never watched). I liked the ending but then I felt that the characters were too random and uninteresting. They were somehow so poorly executed. Some may be a genius or at least there were some really funny moments. It didn't make the viewer laugh, which was a shame. I found myself trying to make fun of the fact that they just didn't make up to us all.The humor was pathetic. I mean if you want to see something good you can watch again, this is your best friend. I don't like this one, but I do like the beginning. I don't like the ending of the story, but it was funny throughout the whole thing. I don't like the ending of the story, but if you are still in love with it, I do like it. I'm glad to see that the ending is not being edited out.
",neg,0.999803
352,"I didn't know that I could write this up. I guess I missed out on something interesting and I'm glad I didn't. I guess it was a lousy rap song, not that it's not very funny. The only real reason I haven't been in this song is because I love watching the movie. I know that it was in the trailer, but it never got over. It was a great soundtrack. It was a great soundtrack, and I loved it. And when it was released I couldn't help but to realize that I was never quite sure it was worth it. I found myself trying to root for it and eventually it hit me with the ""F**k"" rap song. I liked it and I just tuned out and then I started. I'm glad it didn't go. I'll try to give this a 5 star rating. I didn't give this rating because I didn't think the whole thing was worth it.It felt like an onion caught my attention. I really enjoyed the whole thing and I kinda enjoyed it. It just felt like it was a nice song with some nice r
",neg,0.9998
224,"A masterful treatment of Jama Masjid, who wins a judge who was accused of tampering with her underwear in a lavish hotel room with a lavish hotel and lavish hotel.The hotel room, featuring Jama Masjid's signature hotel room with a beautiful view of the beach, was once occupied by a group of Jama Masjidians. Now the hotel is occupied by three of their favourite women from Africa, and they have a stage to let go on a lavish dance music and stage. This is one of the most memorable performances in the entire history of Jama Masjid. The audience cheers for the women, and the men applaud the dancers, when the women applaud their efforts to achieve their goals. The concert was
",pos,0.99979895
815,"The Ring, which has been a very hard hit. I have a new friend called Jackie Chan, and I was fortunate enough to have her hooked on DVD in 2003. Jackie Chan (Whoopi Goldberg) was a total delight in 1973 which was a total delight. My personal favorite part of Jackie Chan is the Ring, a magnificent piece of work. It's an exercise in the making which Chan really captures the viewer's attention and gives her the opportunity to shine. Chan shows the unflinching portrayal of women and men which she exemplifies beautifully in her film. I also like Jackie Chan's portrayal of women in other films like Jackie Chan's Jackie Chan's Jackie Chan: The Way to Die is paramount to Jackie Chan. It's hard to put it down, but it just works to Jackie Chan's strengths. Chan has a decent film that is unique and the film is one of the most entertaining, funny, funny films ever made. Jackie Chan has done much better than anyone I have ever seen, and I am going to be spending more time on Jackie Chan's ""The Way to Die"" DVD set. It's an absorbing movie, which has a good sense of humor and a good acting. Chan's humor has to
",pos,0.9997985
253,"Let's face it: The whole film is a total waste of money.It's like a waste of my time with it, I've never been around as much as I've ever. It's basically just a glorified exercise in laziness that has no redeeming qualities. I tend to rate it highly-achievements because I don't think I could have done this much better. It's like a bunch of worthless garbage, a waste of money, that somehow somehow somehow somehow ends up being justified or just a weak point. They get a chance to shine through a hoopla of mediocrity (even though they don't even mention it). I think it is laughable that you should collect more money than your actual hard work (even if you work
",neg,0.99979836
797,"The film was supposed to be the final product but didn't really come off. The original was horrific but didn't make the film convincing enough. It was only edited out of context and a couple of scenes that had me thinking of a sequel. There were lots of scenes where the original was totally forgettable and it was poorly acted and the dialog was poorly acted. The only decent part was the use of a doctor who had no clue what to do with the film and he was unwilling to give a quick, clear message about what he should do. I'm reminded of another movie where it's just plain awful. It contains nothing about which I care about. It's not interesting, just a mediocre movie. Its just mindless and nothing about which I don't care about. It's just mindless.I think they should have a better film because they had more money. I've seen this movie once in a long time and it never had a decent soundtrack. I watched it then and then watched it again and it was a movie, I don't think it had even close to the original. I really enjoyed it. I liked the ending. It felt like a sequel, but the only real change was the way in which I thought
",neg,0.9997944
384,"I couldn't even begin to describe this film with my eyes open, because it contains too much detail and too few details. It contains too much crap and too few facts. It contains too many crap. It contains too much garbage. It contains too many facts about how the film was made. It is a horrible film for a film. It is an immoral film. I urge you not to view it. I urge you to believe it. If you fail to believe this film is just crap and you really don't care about the film's flaws, don't believe in this film. I hate it when people give it up and then destroy it, and I think it would be justified if someone else tried to film it. I hate it when people give it up, and then don't care about anything that can be done. The only reason this film ever is so bizarre is that it never quite ends, the only reason the film ever was supposed to be. I hate it when people give it up. It never ends, the only reason it ever ended is that they never quite understand it. The reason this film ever ends is that they never quite understand the whole thing, just the fact that it doesn't. It is
",neg,0.99979264
361,"As we all know, movies like that of Jackie Chan, Jackie Chan, and Gloria Talbott are the worst of all time. Chan is the weakest, and Gloria Talbott is the most powerful woman she ever sat through all of the films. So why are you still in the cesspool? Why? Because Chan is still unaccountably dosed medically, despite the fact that she has a decent medical career, she never fights the way to be good. In fact she is completely disfunctioning herself throughout and never fights the way to be good either. Chan is a disaster and she cannot even talk about how she actually achieves her goals. She just drags herself off. Instead she fights, just drags herself through the pain of illness and the embarrassment of others. Chan is an utterly pointless piece of garbage. There is no progression beyond the superficial and routine. She just drags herself off, just waiting for someone to tell her what to do. It was all she had ever wanted, and the only way she could go was to wait. The movie was supposed to have the final kick-off, but sadly she has neither the money nor the time. Instead she drives herself to the local mall. What then? How she
",neg,0.99979144
507,"This film is directed by William H. Daniels and directed by Mike Holding (very few other directors) for the new ""Twin Peaks"" series which will see more of Lynch and Lynch's work at a decidedly female dominated cinema. It's a film with a cast of female actors who play almost exclusively in ""Twin Peaks"" in Lynch's attempt to canonize the woman who became the ""part of the problem"". She may as well have been the lead actress, but she never really became what she is. I would say that this film is more about Lynch than the ""Twin Peaks"", which is a true stab at the woman by the director. She is a woman dominated by men, who are very busy making sure that the director does not let her go. What is so impressive about this film? The only women director I have ever viewed are the men who manage to control the film. I rate it highly, and I am not one of those who watched ""The Shining"" in length. They may have missed it but I know they would not miss it. The film is directed by a female reviewer, but the dialog is almost entirely female. There is nothing in it that could be considered as a compliment or a
",pos,0.9997836
516,"The Mighty No.25: This is a new, totally free movie, starring a cast of characters called Maximo Girotti and Janie Johnson. The Mighty No.26: This is a new, totally free movie, which I am excited about. The new movie contains a great soundtrack soundtrack and excellent editing. The classic is called ""Diva Utopia: Ahab lose her mind"" by Wayland Flowers. The new version of this is very nice and just takes the viewer from below to below.The film is directed by Way
",pos,0.99978274
711,"This is a novel written in 2003 and edited by writer/director Scott Spiegel. It has a gripping story which unfolds in every way imaginable to allow us to explore various different themes, viewpoints, and perspectives. I loved this novel so much that I had to give it away, and the plot was laid in place. From there it all became a bit of a mystery. I had to rely heavily on my own narrative, to help us to understand it.I would like to say that the film was edited by Pulitzer Prize-winning
",pos,0.99977666
397,"Although I don't think the movies were really bad enough to give this review, I think it was a swell movie to watch. I won't give away that the movie is good enough for the movie, but it's not worth going out on the limb and not thinking about it. The whole thing is just a shame, and I don't think it's worth going out on the limb and not thinking about it. I mean, honestly, I think this movie is a pointless exercise in waste of time. I think this movie is really worth going out on. I've gotta give this DVD away for my DVD player, because I know that if you're reading it, you're probably reading this, but you're reading this.This is probably worth it to know how many people this movie was filmed, and what it was like on film.
",neg,0.9997751
76,"If this was the first film I would have made with this film, it would have been a disaster. The film was poorly edited and poorly executed; the actors were poorly performed; the camera work was badly performed. The script, by the writer/director/probe, is a mess ;-) and the cast was poorly executed.I think there is nothing good to say about it and I'm literally everywhere on the planet ;-) (What hurts me more than having to wait until somebody tells me this movie has to be filmed. It is a film about life that has neither been touched on in the film or edited, but I have never watched it.I have not watched it. I had the chance to watch it, and I really liked it. This is a great film, and the cinematography is perfect.Overall, it is a good film, and the cast is very nice, but there is no glitter. I like it because it is good. I could easily watch it again, but I think it will never be in my top 10 films. I liked watching it and not in my top 10, but when you put your film on IMDb, you will find more reviews and you will have better and more
",neg,0.99977475
685,"I saw this movie awhile back in 2003 which I enjoyed it as well as watching the films. The director is a genius but his direction is pedestrian but the cinematography is flat, and I couldn't help thinking it was a low budget movie. It was just a glorified recreation of a mediocre film that only really needs to be remembered. I would like to know that there was no real reason not to watch this film in 2002. I don't think the film was worth my money. I think that all the flaws of the film were intentional (probably due to my personal experiences, etc.). Some of them I saw even had to be edited out, some of them only to the satisfaction of the film. I really liked the way it was, which is not so much as a flop. It would have been nice to see that the movie was being properly restored, but it never quite stands apart from it's critics and critics.I really like the script, the cinematography, and the cinematography. But there is not enough real story to make this movie worth watching. I really wanted to know about it. I saw a lot of the film's flaws but I didn't care about the outcome. I don't care
",neg,0.9997707
521,"This is a novel written by a young woman who never took an axe to fight. It contains a gripping yarn about a girl who was stabbed as a ""kaloha"" and then stabbed to death by her boyfriend after a confrontation which they were both living in a rented house. The plot thickens and turns into a thriller which has the viewer mesmerizing. Then it leaves her trapped as she can't move in a ball of flames. It is the first novel written in the series by a woman, yet the story twists and turns dramatically with her. Women dominated throughout her life and had her own troubles as well. The novel is only the foundation for a young woman who is a revolutionary. This is a thriller. It traces the same story line from beginning to end. But the twists come off quickly and dramatically. The woman dominated the plot and ended up murdering her husband and two granddaughters (by shotgun or whatever the hell you prefer). Some of the novel is particularly notorious for being written about women but some are just plain awful. The ending is beautifully written. But it leaves little to the imagination and the story is so tightly packed that it takes you off in a loop. It has the power of a teleprinter
",pos,0.99976176
508,"This movie is a remake of a classic Hollywood shot, which was directed by a group of friends who had recently purchased a copy of the original (while working on the sequel) to the original (while working on the original) for hire of a lawyer.The remake is based on the premise of the original ending, a true attempt to remake. The remake takes on the familiar Hollywood setting and feels more authentic, with more realistic lighting, color, realistic sounds. There is more subtlety and more subtlety throughout the film, and more realistic feel than the original. It takes on a darker tone and focuses more on individual ambition. I liked the original (well, the remake is probably OK), and the original (well, perhaps it has a little bit of polish) is good, but not as good. I don't like the original and it has the same nostalgic feel. This remake is more polished than I've seen in a long time. It has good acting. There are some really good acting in this movie but isn't quite as good as the original. It doesn't quite reflect well on me. Some may find this film boring, but it does not make you feel good, it's a tedious bore. This movie
",pos,0.99973255
916,"Office of Degrassi's Syndrome: One of the earliest comedic depictions of Dernier in American film history. Notable among the earliest American comedies of the day, as the satirical comics that were created were the first to satirise the stereotype of a small town girl. There is no ""ordinary"" American comedies like Dernier's, that was not until later in the film and the film was satirizing stereotypes that had existed since the beginning. That's the film Messiah, the one true American. He is a true American, whose loyalty to his birthplace and birthplace are paramount in the entire movie. He was once the poster boy for the American Revolution and now resides in the shadow of his American father and is in the heart of the village where his birthplace is standing. He is a true American who never dared to commit a crime against his country and is proud of his American military achievements, his mother, who is Mexican, who is Mexican. Now, it is interesting to look at some of the earliest American comedies of the day that would not have been funny even if the American satirizing the stereotype was satirizing Mexicans or Mexicans. The jokes were funny enough to garner some laughs back. Some of the earliest
",pos,0.99973184
632,"Inversed by Gurkan Marishka (who is the protagonist of The Shining One, who has been portrayed as ""very young woman"" (1946) and she was in the first series of the movie. The first one was directed by the late Michael Warren (who had appeared in the opening scene with his wife and two young son in 1944.) The Shining One was shot by a messenger who was sent by her abusive husband; Gurkan was shot dead in the final scene after the war was ended by Gurkan, a messenger who attempted to help her son in a secret marriage. He is the chief of the Austrian guard who attempted to marry her but failed. She was kidnapped and raped by two Austrian men; her husband was shot dead in the process. They are accused of tampering with the marriage by telling her to watch him alone while his personal security guard, Jannick, tries to seductively collect his money in the process. They then burst out and chase her; they both murder her. (The Austrian woman goes on to the crime of prostitution, which she is accused of murdering in the process. The two men get into prostitution but then the woman becomes angry and demands revenge on him. The Shining One
",pos,0.99973077
220,"Inversed by the American Kickboxing legend Frank ""Big John"" Anderson is one of only a few fighters I have seen that I truly believe in the American Kickboxing documentary. That being said, I am still waiting for this incredible opportunity to meet Anderson again. I have recently sat through two hours of the film, and watched a few episodes on DVD. Now I know that I have to wait till the final product is out, and I don't wait for the end of it. I begin with my favorites: Antonio Banderas (Best Kickboxing in the US), William ""Big John"" Longinidis (Best New Girl), Robert ""Pierce"" Hickock (Best Spinex), Robert ""Pisto"" Johnson (Best New Girl), Michael Warren (Best Supporting Actress), Barry ""Pisto"" Van Meter (Best Kickboxing), Mark ""Old Hickock"" (Best Supporting Actress), Gene Fowler Jr., Michael Warren (Best Supporting Actress), and William Gibson (Best Supporting Actress). The film is an absorbing comedy. It touches on some of the greatest comedic sketches in recent memory, such as Mel Brooks' ""Growing Yourself"" which was the earliest comedic sketches ever written and later by John Garfield,
",pos,0.9997286
219,"movie gets the best of the cast. I have to say that I'm still waiting for the new season to be released. The cast is amazing. The direction of the characters is brilliant and all the characters are fun. I love the story and the humor. I love the characters. I have to say it is the only film ever made that can be read by anybody other than The Color Purple Waste. The film is one of the greatest cinematic achievements ever made by anyone in videotape capturing the whole screen. It is the only film ever made. The Color Purple Waste was never released to film or to celluloid. I didn not know about the film but it just got out of my ears. Then it all went through my head and I was sitting there like I was reading a book. It is really amazing. It has to be that way to work as a filmmaker. I think I can say the most authentic work I've ever seen. It's a beautiful film which I rarely saw, and it really captures the whole of my imagination. I love photography. I love the way it is to work and to spend a
",pos,0.999723
102,"Oscar Degrassi (1988) is probably the most underrated film of all time. A masterful work, starring Charles Bronson, played by the lovely Diane Lane, is a total delight. Bronson makes her stand up in the lead role and in it we turn to a knight. She grants us her freedom but we discover the real power of Celie Johnson. She is undeniably beautiful with a great sense of humor, and she is also quite intelligent and charming. She has a smart, funny boyfriend (Katie Jones) who can be quite a bit of a knight as well. And in terms that we have to say is her marriage. They are good people, but the problem is her sexuality. It is embarrassing if not, as we know, being homosexual. She is attracted to men in love, but she is attracted to women in love. I think this was a great idea that I didn't even think I could have seen coming from the film. The reason for this is that she has a boyfriend, but she never fights a boyfriend. She is so much of a pleasure to meet someone with such a love. She rides her horse, she takes off her cap and she rides it through the park, she
",pos,0.99972016
847,"2054 Video clip: I love that we can be a safe, honest and fun place. This is a true American comedy with a heavy police procedural style, a strong sense of humor and a good sense of humor, which makes the film a great movie. It is a very original piece of work that can't be told from anybody other than the director. The film's script is a wonderful mixture of comic timing and humor. It is a great movie, and it is a great movie to watch.The movie takes a
",pos,0.9997032
223,"This is a must-see film, a must-see film that is both visually stunning and fun to watch. I could be so much better educated about this film if it had been released in the winter of '1939, when my sister was still growing up in a tough Winter Age of Depression. I would not have purchased this film again if it was sold in a US or if the money had been made from the movie I was spending money for.The film concentrates on the basic plot of the movie in terms of a ""very nice"" ending to the film. (This is the story of a teenage girl in Germany, who goes berserk with a gang of criminals.) The story revolves around a young woman (She has a good voice) being chased by gang members who have sexual sex with her. When the girl tells them the gang gets angry she tells them to run away and steal their car. Then she gets angry with them. Then the gang members get angry and stab her in the head, robbing her of her. She is then stabbed, strangled and mutilated. It has to be said that she has been ""slasher"", although some may call this a gang members' daughter. It does
",pos,0.9997032
42,"Rudy Littlefield: A masterful story, this one of the greatest stories ever written. It is very original and it is very complex. The characters have been introduced as well as the cast in the original. The screenplay is mostly original with some twists and nuances. It is funny and I don't think it is worth a dime. It's not that it is that it is a movie shouldn't be kept. It is that it has to be viewed by an educated audience. The movie has a broad range and is full of characters. Some of the characters may be very funny but they're not particularly interesting to watch. The characters are not particularly original and they don't hold up well, I guess this movie should be kept well-contained. This isn't even the word that I have used, this movie is the kind of movie that I am so inclined to say is very original. This movie is not a remake or adaptation of the original. It is a complete rip-off from a comic book like Sin City comics, and I like this one because it takes away away the main character and all the main characters. But it also leaves you with only two main characters. The basic plot is a little too good
",pos,0.9996965
744,"movie that is now being called ""Dilbert's Nightmare"" and just throws a blender into the maze of rooms. It's basically just a movie with a purpose and a cast of some friends, and a cameo by one of them is what makes it fun. I personally enjoyed the movie. It has lots of fun to say, especially for those of us who live alone. There are so many amazing things about this movie that you won't want to miss it. The only reason the movie is on DVD is because it contains the only ""documentary"" of the ten best horror films ever made by American horror actors.The main reason I missed this movie was the opening credits of the DVD set. This film was never released in English, and was just for the audience laughs (no pun intended).The only reason the DVD set was released was for the DVD. So that you can see the film again. But, as the film has already been made famous, the acting, and the music soundtrack have already been released as ""The Nightmare"". If you enjoyed this film, please give it away. Don't buy it, don't rent it, and don't buy it. It will cost you just $19,000,
",pos,0.99968386
8,"Ompuri, a masterful stab at a masterful stab at the film industry, is left in a seedy nightclub. The police captain investigates, and as soon as he hears a commotion from unknowns, he rushes to the scene. He is told the whole gang is out, and one cop is killed in a shootout with other police. There is no explanation of what they are doing, as if by magic, but that is enough to give a cop a scarecrow away. The police captain tells his fellow cop to go home and then shoots him dead, as if he were a hero. But then the police captain rushes to his personal security guard, who can easily track down the killer(s) and find her.(..) There is only one murder committed by the police captain(s) and a female cop who tried to kill him. The other is a cop who has a daughter.(respectively, this is not her.)The police captain investigates into a seedy nightclub, where some man is apparently locked up and others are taking drugs.The bartender is none of her business. The police captain tells her to come out of the club and then she is taken into prostitution. She is apparently the target(
",pos,0.99968255
945,"Odyss: My Name is Adrian Hoven in a collage with Fritz Lang and Gene Fowler Jr. and Mark ""Hammer"" Read and Greg Matthews (1946) were both great comic books that would stick out for me in the 1960s. Then I went to work on this, just like Frank Miller did. There are some really good movies that could have been made in the 50's. I guess that the '60s' didn't mean much to me and the '60
",pos,0.99967337
446,"Liam Neeson 2: The relationship between this film's critics and its producers goes through a complex mixture of relationships. One of the film's critics and a guest star alike are the film's producers. Then there is the backstage scene where the film's critics take it upon themselves to dissect the film's flaws. They then choose to follow through and critique it as needed to make it more accessible and more accessible to everyone. The final product is a film with more than 90 minutes of video that makes it accessible to the general public.The film was edited in a very straightforward way but the dialogues were edited in such a manner that I could not find the words ""documentary"" in my head. Instead I'd just point to the film's glaring weakness: it only added to the film's narrative. There's no ""documentary"" to the film, and the characters are just generic generic garbage with little or no explanation whatsoever whatsoever. The filmmakers deliberately blurred out certain details, like the names of the names and the faces of the characters. The filmmakers did not follow through with the instructions that would have been included in a standard Hollywood thriller with the typical plot or clichéd manner of dealing with anything like a Hollywood thriller.
",pos,0.9996487
432,"The Highway Patrolman is a trained musician who plays the heavy bass music in the lead role of Auteur Bob Newhart. It has all the elements right up to it: He has a commanding voice, a tight script, and a natural sense of humor. But the problem is his charisma - I won't give it away, just because he's a celebrity. Newhart does everything right. He is able to make a credible story about a woman, as well as her boyfriend and two teenage daughter. She is a real killer with her own set of flaws. She has lots of troubles connecting the dots, but nothing good can be said about her, her relationships, her love, etc.). It's a pity the movie just doesn't do a good job. It's so devoid of detail. The characters are so irreparably damaged by the events that occurred and the way in which they're treated is nothing short of disgrace. It's just about managing a poorly executed disaster. The movie just didn't do a good job. It's not a comedy film, it didn't do much for me, and I could barely watch it. The story about the movie was really funny - it was just a sitcom with some serious
",pos,0.99964607
900,"This movie is a must see and the most amazing thing I've ever seen is it, which is a beautiful woman dominated by her beautiful breasts. Women dominated by a beautiful woman dominated by a beautiful woman dominated by the man and man alike. There are many men in this film who are literally everywhere in their midst but also extremely busy trying to control women. It is all quite beautiful and the women seem to have the same nostalgic flavor of their times and times, but the film just drags on. And now, you realize it is so much longer. There are two different movies coming out.The first one is a short documentary, filmed in a camcorder. The second one is an interview. The third movie is the film I have watched quite awhile. (I love it when women do the right thing and do the right thing.) This one is the most beautiful film I have ever seen. The third film was an edited version of a film called My Life's Best seller. The documentary focuses mostly on sexual identity and how people relate to each other. I'm not sure I've seen the third film but the movie is in great motion and I enjoyed the editing and acting. But the truth is, women are not beautiful
",pos,0.9996449
513,"The Last Hunt for the Ring cycle, a movie I've seen many times before. It has a real cinematic equivalent to the movie I did in the 1980s, and the plot is really intriguing. It is a great martial arts film with lots of action and lots of characters. It is a very complex, very original film that should be repeated anytime soon after the film ends, or if it is too good a thriller (maybe even a thriller itself) it will be repeated
",pos,0.99963915
921,"film by William H. Macy Jr. is a great movie. It should be the movie of all time. It is directed by a master class actor. It is not that he was bored. There are more than five minutes of film that will have me sitting there watching this film with all my blood lust turned on, and one of the most intense climax moments in film ever. This movie is a must see, even for the Master. I cannot watch it again, I am not addicted to it. It just leaves me absolutely staggered with no resolution. I also get a bit of a scarecrow, I can't help thinking of the film's humor. I like this film because it was directed by a master of the arts, I love the dialogs that were directed by a master of the arts, and it was an ensemble piece. Some of the best films I've seen: The Life Of A Brull (1988) by George Clooney and Gloria Talbott, and The Life Of Me (1988), but I think it was the best of the whole.
",pos,0.9996228
533,"Troy Taylor's 'Best seller' for a book called 'The Life Of A Short Fiction' is a story about the life of a beautiful woman who has her own funeral in the fields and a book by her husband Stuart Taylor (who has a poetry laboured on the anniversary of her marriage). Taylor, whose life-making art is poetry, is the story of a woman who goes through life with her husband Stuart. She has a talent for poetry and has a life of her own but she is still very young. It is her love story that makes her life. She has a genius as a woman who is both captivating and challenging her boyfriend. Her love is not only her own, she is also a part of the fabric of life. The poetry is the story she has told her, and the characters in this book are her own. It is her love for poetry, passion for people, and her passion for life.Her passion is not only her husband, she is also the source of the Life Of A Short Fiction, a book called'The Life Of A Short Fiction.'
",pos,0.9996197
132,"Auteur has a guest who will be interviewed for this documentary about her personal life. It's an absorbing film about living her own self-contained in a tiny apartment by herself. She tells you everything you need to know about her, along with a gripping story of love, secrets, romance and a unique identity. The filmmaker brings you a real life. The first thing is her boyfriend, John Sands, who she loves to see. They both laugh, she loves the spotlight and keeps her cool. The film takes the viewer into a new reality which she never dared like, a life in which she has to grow old and become involved in the arts and music. She is also perfect with her boyfriend Theo. The first thing you do is to check out the activities, while the second thing is she meets a gang of young men that she never quite mastered the dance floor. (Which I love.)
",pos,0.99960715
536,"Avanti Amritlal Shaq is one of the most talked about film ever made and he is literally everywhere you can look. The preview for ""Best Actress in a Film Festival"" was a must see at all times. The preview for ""Best Actress in a Film Festival"" goes from below to below the closing credits. The film received three Oscar nominations and a Best Director nomination. From beginning to end you could safely bet the film was being viewed by more than a million people on a rainy day. I have to say, it was such a massive effortless effortless effortless effortless effortless effortless effortless effortless effortless effortless effortless effortless effortless effortless effortless effortless effortless effortless effortless effortless effortless effortless waste of space is what this film is about. It is an absorbing film of the cinematic equivalent of having your own camera in a pocket. It is a low-budget, low-budget thriller with a great soundtrack. But it is not that bad. The film gets really good with the actors and performances as well as the film is a true cinematic masterpiece, it is only the tip of a very small gem in film making. The movie has a
",pos,0.99960154
621,"This is the movie I have seen over the years but I have never viewed it before. It is like a cross between the classic sci-fi thriller The Color Purple and the American classic American classic. The Color Purple was never seen in my entire life. But the film is what is so amazing about this film. I am not alone in this movie. I love the art. I am not alone. My love is the film. The film was the highlight of this movie in 1988's ""The Fly Patrol."" The Fly Patrol was a space program in Space where people took part. It was a wonderful film that would make a good movie that is actually made by a great filmakers. It was not only a movie, but the film was actually written, edited, edited, and directed. This film was not filmed entirely in camera. It was not even close to the original. The writer and director did some minor editing that was in doubt due to lack of color. It is the only film produced by a great motion picture. A few scenes were shot during the film's first five minutes. The cinematography was certainly original, but it is still quite original. The direction and direction are both well-shot, the cinematography
",pos,0.9995988
540,"The story goes from Jackie Chan to Dennis Duggan, which is a great film. It takes a wonderful journey through a complex mixture of characters, from newcomer to newcomer, but the film itself is a wonderful little film. It takes you to the heart of a colorful story, but you begin to unravel it thoroughly, like the film itself, with little to no explanation. It is a very well-written and well-written and beautifully shot. I love it. It is fun, inventive, it is funny, it is fun and it is good. The characters are all very well rounded, just like Chan's. The story itself is well-written, it is cute, it has lots of laughs, it has lots of actors, it has a good soundtrack. The film itself was enjoyable but nothing about Chan was actually good. Chan was mediocre. The story itself has a rather complex plot, it is just a simplistic comedy that just doesn't work. It just makes it harder to read and to watch. What it does, the characters are just not funny. It is very annoying to watch and you need to laugh. The characters, though they are just not funny or engaging, is what you need in this. If you
",pos,0.9995988
907,"film with Megha Shirow, whose cousin Shegha has run a small shop in Delhi. Shirow is a model for a woman who hopes to change the direction of her abusive husband and a man she has to deal with. She has a confrontation with him after the boyfriend leaves her. She rushes to help him and demands that he let her go. They then both turn and run off. Shirow goes to meet her friend, who has a confrontation with him and only then starts screaming at her when she stops running. It is the movie that challenges the woman to a confrontation with him and eventually she becomes the target of his anger. She calls him a ""love demon"" who then attempts to sedate her. Then she drives him off with him and she begins to burnish him. As the confrontation begins she begins to burnish him and he becomes enraged and starts to lose her mind. It is the same way she blames the father for his actions. I wonder why she blames him for murdering her son, who is dead and now resides in her abusive boyfriend, a demon who attempted to sedate her. So what? She blames him for having sex with men and he is the one who is the greatest menace to the
",pos,0.99955934
441,"The Highway Patrolman (1980) is a master of stealth cinema, a master of stealth tactics and a master of the arts. He is so active in organized crime scenes that he can easily track down all of his foes with a single glance. It is no understatement to say that he never fights alone. The only real fighter on the planet is the enigmatic ""Master Warrior"" himself. In fact he never fights alone. His hatred for the movie proves that he is a master of stealth cinema and the film proves that he is a master of deceit. The only real source of the film is revealed in a confrontation between the characters and a fellow stealth agent who wants the money and who is attempting to use it in a political
",pos,0.99955076
911,"This is an excellent piece of filmmaking that has to be seen again and again. It is a beautiful film, and it just gets a bit of a laugh. But it is one of the best horror films I have ever seen. Not that the film is really scary, but the suspense is still there.I have never seen gore like this again. (Sorry for the ""comedy"" in this movie.)
",pos,0.9995503
604,"The Color Purple Springsteen song is the only one that has ever been written in a song. He has never been a professional musician. He is one of the few American songs that are ever sold. And his first American song, featuring a guest appearance by a Swedish artist named Theo Vitti who had recently sold his entire career. This isn't the only one of Theo's American songs that have sold. He has sold his entire career as well as the entire European music production. There are other American artists besides Theo who have sold their entire lives to date. It's almost inconceivable that any of these albums could contain any other American artist besides Theo and Ibanez's fame and popularity. Ibane
",pos,0.9995453
45,"Ospine is a true crime thriller, it is a gripping story, the plot is excellent and I can't wait to see how it ends. (Sorry, it is the Last Hunt Hunt season) I saw this movie back in 2002 and it was a thrill to watch it again in 2003. But now I doubt the whole film is worth a watch. This one is a thriller. It was fun to watch it again in 2003. My favorites are the old favorites (including this movie) (I think you're reading my right) (The Highway Patrolman, who shot the movie out of the park with a police chief and his partner in a shootout) (1946) is a great movie that is still a gripping thriller, which I am absolutely sure I would never watch again unless somebody else wanted to make sure I was out. (Sorry, I hate the movie. It's only a few of the movies. The only way you get off is to watch it again, though I don't think the movie was a movie that you enjoyed. It only takes a few minutes to watch and you don't get bored.) (Sorry, I hate the movie. I love the movie. It's just one of the few
",pos,0.99954396
240,"2054 - A campaign for a new college in Philadelphia - this one is a campaign for a new life. It traces a very real life journey from Philadelphia to Philadelphia and beyond. There is no understatement to say how old Philadelphia was able to make such a difference, as we are literally everywhere, but that is a true story told by a young man. The documentary tells us what was really happening at the time. What we are talking about is real life and what we are experiencing is real life. The film is a reflection of what really happened and is very realistic. The story tells us what was really happening at the time and what we are experiencing today. How could we have been in such a
",pos,0.9995326
410,"I remember the film with its final score of 'The Color Purple'' which was released
",pos,0.99952424
416,"Cutting the characters of the cast was wonderful. It felt like a sequel to the original was done well, but the cast was also extremely nice and had some great moments of brilliance and passion. This was an utterly over-written, almost-realistic film that never changes to make it workable. I was fortunate enough to have this film on DVD player so you can still replay it for yourself. This was an absolutely amazing film to watch, and I really enjoyed it. It has to make the transition from boring to really engaging. I just spent two months watching this film on DVD player and the intensity of the dialog and the way the characters work was mesmerizing. They work really well, and you have to watch it again. It's a great movie, especially the dialogue. It was so random and I was really pumped to see it. I don't know if it would have been 200 or 200 (audience laughs) or it could have been a full film like the original.
",pos,0.99952126
316,"Dreamquest is one of my favorites. I will be commenting on this because the film has a unique feel. I have read this review, I have talked about it, and now, I have a question: Why not try to make a living off of it? The filmmakers are all wonderful people, but I personally don't know how to make a living off of it. The idea of the film, I thought, would be great if it had been done a living-up. I think of some of the best horror stories I've ever read and that is the story of the young man who saved his life from a horrible dungeon. It is a story of survival horror and survival horror that I will not give up. It is one of the greatest horror stories ever told, but it is also the story of a man who was stabbed to death by a woman (he was the girl). This was the story I have read about before (because I was scared of the monsters in my dreams). This is the story I have seen before. It is a fantasy world with a knight, and a knight's shield, but the film is actually a living-up story of pure fantasy in the making. This was a fantasy world I
",pos,0.99952066
804,"The Ring is one of the most amazing and most intense in recent memory. It is a wonderful film, a unique experience I have never before witnessed, even though I was mesmerized. The film is a must see if you are a fan of the film. It may not even be seen but it is a must see. My wife has an opera house in Texas which attracts a group of very nice people with their beautiful decor, but I was mesmerizing the whole time. The film is breathtaking. This is a wonderful film with wonderful direction, and it is one of the most beautiful things I have seen in a long time, and I have to say I was not expecting it to be so much higher.The film was directed by Dennis James Dobson (also a great movie. He was not one of the original Sin City films that was made). I enjoyed it. I also enjoyed a great laugh with my wife, who was pretty much the same age as my parents when it was filmed. The only difference was the direction and intensity of the film. I love this film and think it is a keeper of my children. It is a wonderful film and I would recommend it highly if you have them.
",pos,0.9995121
212,"Ampires: Ampires' greatest trick was that he was able to use a single spark of magic to detonate upon a cliffhanger. He took off, a hologram, which he used to reveal to the audience, and the rest of the movie as he finally dies. He also brought us a wonderful film called ""Mighty Wurlitzer."" I am thrilled to have it because it is a great trick for us to be able to see the final product and not only the final product but also the backstage operations of the movie. The only way to get to the final product is through a tight bond with some friends and family. Some may find it easier to watch a movie than others, but I find the most chilling sensation.I am amazed that this is not just some silly little kid playing prays with a hoopla hoopla. This movie is all about you. It is just plain awful. I love that you think it was a movie with just a basic human being. It is funny that a human being could stumble upon some really funny parts and just go through them, but you realize that there are some people who love watching the movie and actually do nothing with it. It is a very basic
",pos,0.99950695
705,"Odyssssss' first movie, which I've seen, which was only recently released. This was a must see, and I had already watched, as I was waiting for some of this to come out. It may be a spoiler to watch for now, but this movie proves to be very real. It takes the viewer far enough to the movies of the real life, and the real life, and real life and psychology behind the characters, which are portrayed perfectly well. It also takes on a unique and very funny twist on the story that has its share of critics. I've seen some great horror stories over the years, but the ones that do more than adequately represent the ""real"" character are ones that were written by real people. I think a real story is a great one. It is also beautiful and funny. It is not boring but rather the most enjoyable part of the film. It is not boring enough to be viewed as ""ordinary,"" it is also not a pointless film. This is only a must see. It also doesn't take up too much space or anything else for me to enjoy. The movie is about an idea with a purpose. I like to think the filmmakers are smart enough to realize
",pos,0.9994816
512,"This film was made famous by a group of filmmakers called ""The Color Purple,"" and I am a very curious to see if this movie actually exists, perhaps because this is a film about a film about ""decadent"" people who underwent the plague on the earth. It is a film about ""decadent"" people who underwent the plague on the earth, who then die off. It was a film about enslaving the poor, who then enslaving them via enslaving the Roman citizens who fought on the ""Trojan Warrior"" movement which later became known as ""Washingtonians"" and the French Revolution, whose hopes are fading fast. This film traces the path of the ""Trojan Warrior"" movement to a time when the French Revolution was still
",pos,0.9994742
844,"Lilch Moby Dick and the Ringman who stole the Ring from him in 1993, who later went on to help write his own ""History of Texas"" which was released in 1993. Then he was joined by the gang, played by Jerry Curl. I mean, if you like it, maybe you can make that bond with the gang and help them find another path. This movie is the best way to help a man become a hero. It is one of the best way to spend money in life and is not only that the film teaches people how to do better than what they are. Its only real point is to give the gang a reason to go on. Its only real point is to get people who actually want to grow up. ***** The story is a great one to get people talking about it all. ***** This movie is a great one to get people talking about. ***** The story is just like a ""good"" movie: ***** ***** The story is like a movie which has no plot, just laughs* ****** ****** ****** ******I like it. It has lots of good plot- the main characters are great, the characters are interesting, the movie takes a
",pos,0.99946886
239,"The film was filmed at a studio in Philadelphia called the Production Company of Auteur (1946) and is perhaps the most famous of all film-makers. The Production
",pos,0.999468
